SET session_replication_role = replica;

INSERT INTO public.families VALUES ('941c50c8-9c71-4c6f-bfa4-c2e07adb94a4', 'Awesome Family', '784c03c7-9bd6-4740-a559-9482556c5c36', '2026-03-17 00:09:08.48854');

INSERT INTO public.family_member_medications VALUES ('dba87b2b-0d73-4011-8849-8dbaa1cfd91d', '43c3ddc3-00ee-4e00-8818-2be251f161f7', 'f9a18695-ec35-41a5-a487-955f7d81c92d', 'high', '2026-01-01', '2026-03-01', false);
INSERT INTO public.family_member_medications VALUES ('501abeec-8819-429e-bd49-f3d937b785b2', '4cc75ad8-6561-40a6-8a30-46fbb20b83b0', 'f9a18695-ec35-41a5-a487-955f7d81c92d', 'high', '2026-02-01', NULL, true);
INSERT INTO public.family_member_medications VALUES ('87e0d8be-e40d-4369-b428-0f8e0f9e0022', '870b6927-663b-4bcd-9f23-caddf533f6a9', 'f9a18695-ec35-41a5-a487-955f7d81c92d', 'medium', '2026-03-01', NULL, true);
INSERT INTO public.family_member_medications VALUES ('baecb9fd-22df-469d-963e-d309b2de5aa7', '7ce52757-c5d3-47e1-b263-2c8a39a77fe0', '21823be7-457d-4bb6-8fe1-7e81fcd9f2d9', 'low', '2026-01-15', '2026-02-15', false);
INSERT INTO public.family_member_medications VALUES ('e6e40cdb-7902-4f7b-b860-c2ed539f211c', '9f0df488-d0b9-4edb-bb77-3e1e6793dffe', '21823be7-457d-4bb6-8fe1-7e81fcd9f2d9', 'high', '2026-02-10', NULL, true);
INSERT INTO public.family_member_medications VALUES ('1b4c1b8d-d4c5-40fc-bf6a-d5ca4170a437', '4e9f564a-68cc-4896-a550-89d673aecdd0', '21823be7-457d-4bb6-8fe1-7e81fcd9f2d9', 'medium', '2026-03-01', NULL, true);
INSERT INTO public.family_member_medications VALUES ('da4f2083-ad69-4b9a-9f31-16671d60483c', '4cac571d-f55f-4352-a195-c6cb2bd035cc', '9ce6b54c-94aa-462c-abf9-1df2f3ca0444', 'high', '2026-01-10', NULL, true);
INSERT INTO public.family_member_medications VALUES ('bfb0ea38-4251-4aa0-b078-cbbc241d5851', '132a335f-277c-4bef-9371-4d607a3e0e71', '9ce6b54c-94aa-462c-abf9-1df2f3ca0444', 'medium', '2026-01-10', '2026-02-28', false);
INSERT INTO public.family_member_medications VALUES ('f8db2f9c-015d-40f4-b231-cc0d61e22ad1', '6db94ed4-0677-45fc-81e4-84ad124b4330', '9ce6b54c-94aa-462c-abf9-1df2f3ca0444', 'low', '2026-03-07', '2026-03-17', true);
INSERT INTO public.family_member_medications VALUES ('a7202ba3-f00b-4ad4-b9b6-d637c7aa08be', '838ae497-7c18-468e-89fb-d82821a004c5', '26c856d4-9dcd-4f66-b457-3afdd9d06860', 'high', '2026-02-01', NULL, true);
INSERT INTO public.family_member_medications VALUES ('87c2a5a6-f254-4a22-a135-c373296f1f7e', '7ce52757-c5d3-47e1-b263-2c8a39a77fe0', '26c856d4-9dcd-4f66-b457-3afdd9d06860', 'low', '2026-01-01', '2026-02-01', false);
INSERT INTO public.family_member_medications VALUES ('58b78971-fc86-48f5-a413-e09b8fb5b694', '132a335f-277c-4bef-9371-4d607a3e0e71', '26c856d4-9dcd-4f66-b457-3afdd9d06860', 'medium', '2026-03-01', NULL, true);

INSERT INTO public.family_memberships VALUES ('f9a18695-ec35-41a5-a487-955f7d81c92d', '780c84a3-f251-4a2d-818e-5a253019fbc0', '941c50c8-9c71-4c6f-bfa4-c2e07adb94a4', 'high', false, '2026-03-17 00:09:08.490271');
INSERT INTO public.family_memberships VALUES ('21823be7-457d-4bb6-8fe1-7e81fcd9f2d9', '96d5a218-e0b7-4b9e-9350-7d2c3a2843dc', '941c50c8-9c71-4c6f-bfa4-c2e07adb94a4', 'medium', false, '2026-03-17 00:09:08.490271');
INSERT INTO public.family_memberships VALUES ('9ce6b54c-94aa-462c-abf9-1df2f3ca0444', 'f0efd965-a916-4b97-8b7b-3dc8a69ddbe7', '941c50c8-9c71-4c6f-bfa4-c2e07adb94a4', 'low', false, '2026-03-17 00:09:08.490271');
INSERT INTO public.family_memberships VALUES ('26c856d4-9dcd-4f66-b457-3afdd9d06860', 'dd597aa8-d8e4-4a19-b251-b5bfeb3c2e04', '941c50c8-9c71-4c6f-bfa4-c2e07adb94a4', 'low', false, '2026-03-17 00:09:08.490271');

INSERT INTO public.medication_adherence_logs VALUES ('6a7e5461-ba6a-4427-96d0-d2146bfb6b50', 'dba87b2b-0d73-4011-8849-8dbaa1cfd91d', '08:00:00', '2026-01-05 08:10:00', 'taken', '784c03c7-9bd6-4740-a559-9482556c5c36');
INSERT INTO public.medication_adherence_logs VALUES ('3248f1d1-3364-4347-9ae3-059e8e5d05a9', 'dba87b2b-0d73-4011-8849-8dbaa1cfd91d', '14:00:00', '2026-01-12 14:05:00', 'taken', '784c03c7-9bd6-4740-a559-9482556c5c36');
INSERT INTO public.medication_adherence_logs VALUES ('f88016ce-8920-44fb-8fa7-855f27a4571c', 'dba87b2b-0d73-4011-8849-8dbaa1cfd91d', '20:00:00', NULL, 'missed', '784c03c7-9bd6-4740-a559-9482556c5c36');
INSERT INTO public.medication_adherence_logs VALUES ('cfb1091b-a351-4e82-baa3-27e7a9bced7a', 'dba87b2b-0d73-4011-8849-8dbaa1cfd91d', '08:00:00', '2026-02-10 08:00:00', 'taken', '784c03c7-9bd6-4740-a559-9482556c5c36');
INSERT INTO public.medication_adherence_logs VALUES ('2b58f4d5-48aa-4ff0-9eb2-03778ada8aba', 'dba87b2b-0d73-4011-8849-8dbaa1cfd91d', '14:00:00', '2026-02-25 14:10:00', 'taken', '784c03c7-9bd6-4740-a559-9482556c5c36');
INSERT INTO public.medication_adherence_logs VALUES ('2d416cf3-b0e9-4908-a7e9-e23903ee8bf7', '501abeec-8819-429e-bd49-f3d937b785b2', '09:00:00', '2026-03-10 09:05:00', 'taken', '784c03c7-9bd6-4740-a559-9482556c5c36');
INSERT INTO public.medication_adherence_logs VALUES ('24773488-73bc-495c-bd6a-bc1d0e004189', '501abeec-8819-429e-bd49-f3d937b785b2', '09:00:00', '2026-03-11 09:10:00', 'taken', '784c03c7-9bd6-4740-a559-9482556c5c36');
INSERT INTO public.medication_adherence_logs VALUES ('f291cefc-a344-4afe-b977-49de22d8813c', '501abeec-8819-429e-bd49-f3d937b785b2', '09:00:00', NULL, 'missed', '784c03c7-9bd6-4740-a559-9482556c5c36');
INSERT INTO public.medication_adherence_logs VALUES ('9176deb8-86a5-4502-95af-d508e5652d72', '501abeec-8819-429e-bd49-f3d937b785b2', '09:00:00', '2026-03-13 09:02:00', 'taken', '784c03c7-9bd6-4740-a559-9482556c5c36');
INSERT INTO public.medication_adherence_logs VALUES ('2ee217ed-3d9c-4c92-8ce0-57204b40ad5b', '501abeec-8819-429e-bd49-f3d937b785b2', '09:00:00', '2026-03-14 09:00:00', 'taken', '784c03c7-9bd6-4740-a559-9482556c5c36');
INSERT INTO public.medication_adherence_logs VALUES ('b3c713ec-bb1c-4d14-a652-e123d01fb028', '87e0d8be-e40d-4369-b428-0f8e0f9e0022', '08:00:00', '2026-03-10 08:05:00', 'taken', '784c03c7-9bd6-4740-a559-9482556c5c36');
INSERT INTO public.medication_adherence_logs VALUES ('2aa57bfc-4113-432f-8d3b-8f136bc91c3a', '87e0d8be-e40d-4369-b428-0f8e0f9e0022', '08:00:00', NULL, 'missed', '784c03c7-9bd6-4740-a559-9482556c5c36');
INSERT INTO public.medication_adherence_logs VALUES ('43684027-dbbf-4a68-a98b-f6dcd141ebca', '87e0d8be-e40d-4369-b428-0f8e0f9e0022', '08:00:00', '2026-03-12 08:10:00', 'taken', '784c03c7-9bd6-4740-a559-9482556c5c36');
INSERT INTO public.medication_adherence_logs VALUES ('7c2053f5-3d65-4527-89d6-c8774ab1b846', '87e0d8be-e40d-4369-b428-0f8e0f9e0022', '08:00:00', '2026-03-13 08:00:00', 'taken', '784c03c7-9bd6-4740-a559-9482556c5c36');
INSERT INTO public.medication_adherence_logs VALUES ('a858e463-4708-400c-b1bf-bb66d06d6c57', '87e0d8be-e40d-4369-b428-0f8e0f9e0022', '08:00:00', '2026-03-14 08:05:00', 'taken', '784c03c7-9bd6-4740-a559-9482556c5c36');
INSERT INTO public.medication_adherence_logs VALUES ('6fbdaac9-dc0e-42b4-b7b8-3df4d7dd1ddb', 'baecb9fd-22df-469d-963e-d309b2de5aa7', '08:00:00', '2026-01-16 08:05:00', 'taken', '784c03c7-9bd6-4740-a559-9482556c5c36');
INSERT INTO public.medication_adherence_logs VALUES ('8bb93a95-e922-4246-9246-b388f2981c2c', 'baecb9fd-22df-469d-963e-d309b2de5aa7', '20:00:00', '2026-01-20 20:10:00', 'taken', '784c03c7-9bd6-4740-a559-9482556c5c36');
INSERT INTO public.medication_adherence_logs VALUES ('5d57100a-14cd-43d8-8ba1-446907f5ea4d', 'baecb9fd-22df-469d-963e-d309b2de5aa7', '08:00:00', NULL, 'missed', '784c03c7-9bd6-4740-a559-9482556c5c36');
INSERT INTO public.medication_adherence_logs VALUES ('6eb96234-e276-443d-a861-55559327bab0', 'baecb9fd-22df-469d-963e-d309b2de5aa7', '20:00:00', '2026-02-05 20:00:00', 'taken', '784c03c7-9bd6-4740-a559-9482556c5c36');
INSERT INTO public.medication_adherence_logs VALUES ('e6ada431-eefc-418e-84cb-eb6c4d43f5ea', 'baecb9fd-22df-469d-963e-d309b2de5aa7', '08:00:00', '2026-02-14 08:05:00', 'taken', '784c03c7-9bd6-4740-a559-9482556c5c36');
INSERT INTO public.medication_adherence_logs VALUES ('cc85372d-ab4f-4bb0-8d4e-c6a94f527211', 'e6e40cdb-7902-4f7b-b860-c2ed539f211c', '07:00:00', '2026-03-10 07:05:00', 'taken', '784c03c7-9bd6-4740-a559-9482556c5c36');
INSERT INTO public.medication_adherence_logs VALUES ('cc2afc66-87a4-4973-a5c4-0ea522e0bc17', 'e6e40cdb-7902-4f7b-b860-c2ed539f211c', '07:00:00', '2026-03-11 07:00:00', 'taken', '784c03c7-9bd6-4740-a559-9482556c5c36');
INSERT INTO public.medication_adherence_logs VALUES ('dcfa72a6-fe78-4772-bd62-70b94a3f367e', 'e6e40cdb-7902-4f7b-b860-c2ed539f211c', '07:00:00', NULL, 'missed', '784c03c7-9bd6-4740-a559-9482556c5c36');
INSERT INTO public.medication_adherence_logs VALUES ('37f8c74a-dfc1-4c5c-a125-af3e50826cf6', 'e6e40cdb-7902-4f7b-b860-c2ed539f211c', '07:00:00', '2026-03-13 07:03:00', 'taken', '784c03c7-9bd6-4740-a559-9482556c5c36');
INSERT INTO public.medication_adherence_logs VALUES ('5c92b39e-a6cb-4412-9c2f-4581f0af8f08', 'e6e40cdb-7902-4f7b-b860-c2ed539f211c', '07:00:00', '2026-03-14 07:00:00', 'taken', '784c03c7-9bd6-4740-a559-9482556c5c36');
INSERT INTO public.medication_adherence_logs VALUES ('407f968a-db45-4448-a6c7-3bd5cab25a5c', '1b4c1b8d-d4c5-40fc-bf6a-d5ca4170a437', '07:30:00', '2026-03-10 07:35:00', 'taken', '784c03c7-9bd6-4740-a559-9482556c5c36');
INSERT INTO public.medication_adherence_logs VALUES ('476dabfa-d7e4-47eb-885c-1661212b4836', '1b4c1b8d-d4c5-40fc-bf6a-d5ca4170a437', '07:30:00', NULL, 'missed', '784c03c7-9bd6-4740-a559-9482556c5c36');
INSERT INTO public.medication_adherence_logs VALUES ('d510a56e-9387-45d6-93f9-f40486ce3ce8', '1b4c1b8d-d4c5-40fc-bf6a-d5ca4170a437', '07:30:00', '2026-03-12 07:30:00', 'taken', '784c03c7-9bd6-4740-a559-9482556c5c36');
INSERT INTO public.medication_adherence_logs VALUES ('5efd1854-aaa1-4975-bd57-a3b2842475c5', '1b4c1b8d-d4c5-40fc-bf6a-d5ca4170a437', '07:30:00', '2026-03-13 07:40:00', 'taken', '784c03c7-9bd6-4740-a559-9482556c5c36');
INSERT INTO public.medication_adherence_logs VALUES ('2586db75-e350-47cd-87e0-7cca70336687', '1b4c1b8d-d4c5-40fc-bf6a-d5ca4170a437', '07:30:00', '2026-03-14 07:30:00', 'taken', '784c03c7-9bd6-4740-a559-9482556c5c36');
INSERT INTO public.medication_adherence_logs VALUES ('137a0f73-a4fc-47a6-9c7d-7565a975d618', 'da4f2083-ad69-4b9a-9f31-16671d60483c', '08:00:00', '2026-03-10 08:05:00', 'taken', '784c03c7-9bd6-4740-a559-9482556c5c36');
INSERT INTO public.medication_adherence_logs VALUES ('70d5e59d-b1ad-4238-be13-5920cb0c8db5', 'da4f2083-ad69-4b9a-9f31-16671d60483c', '08:00:00', '2026-03-11 08:00:00', 'taken', '784c03c7-9bd6-4740-a559-9482556c5c36');
INSERT INTO public.medication_adherence_logs VALUES ('f1972878-92b3-474d-85c0-65ccbfd5f065', 'da4f2083-ad69-4b9a-9f31-16671d60483c', '08:00:00', NULL, 'missed', '784c03c7-9bd6-4740-a559-9482556c5c36');
INSERT INTO public.medication_adherence_logs VALUES ('1e3787da-c68c-499e-973d-746716599136', 'da4f2083-ad69-4b9a-9f31-16671d60483c', '08:00:00', '2026-03-13 08:10:00', 'taken', '784c03c7-9bd6-4740-a559-9482556c5c36');
INSERT INTO public.medication_adherence_logs VALUES ('8d3fc1bb-2561-4db9-9c81-fcc73e8fb945', 'da4f2083-ad69-4b9a-9f31-16671d60483c', '08:00:00', '2026-03-14 08:00:00', 'taken', '784c03c7-9bd6-4740-a559-9482556c5c36');
INSERT INTO public.medication_adherence_logs VALUES ('d8bbcf47-23d7-4258-a925-804d6de4a6d5', 'bfb0ea38-4251-4aa0-b078-cbbc241d5851', '09:00:00', '2026-01-12 09:05:00', 'taken', '784c03c7-9bd6-4740-a559-9482556c5c36');
INSERT INTO public.medication_adherence_logs VALUES ('d1e1808c-da43-49e5-b967-784181d0cccd', 'bfb0ea38-4251-4aa0-b078-cbbc241d5851', '09:00:00', '2026-01-20 09:00:00', 'taken', '784c03c7-9bd6-4740-a559-9482556c5c36');
INSERT INTO public.medication_adherence_logs VALUES ('40b48a3e-ad2a-412c-9c2d-102c23d3bb6c', 'bfb0ea38-4251-4aa0-b078-cbbc241d5851', '09:00:00', NULL, 'missed', '784c03c7-9bd6-4740-a559-9482556c5c36');
INSERT INTO public.medication_adherence_logs VALUES ('fc617a82-183a-49c2-8951-e334ef47e00e', 'bfb0ea38-4251-4aa0-b078-cbbc241d5851', '09:00:00', '2026-02-10 09:10:00', 'taken', '784c03c7-9bd6-4740-a559-9482556c5c36');
INSERT INTO public.medication_adherence_logs VALUES ('47dc91b5-3478-47fa-800d-6fa865b8d6ec', 'bfb0ea38-4251-4aa0-b078-cbbc241d5851', '09:00:00', '2026-02-27 09:00:00', 'taken', '784c03c7-9bd6-4740-a559-9482556c5c36');
INSERT INTO public.medication_adherence_logs VALUES ('3ab49eb6-1b8f-468f-8cf2-7cdc1db0117f', 'f8db2f9c-015d-40f4-b231-cc0d61e22ad1', '08:00:00', '2026-03-07 08:10:00', 'taken', '784c03c7-9bd6-4740-a559-9482556c5c36');
INSERT INTO public.medication_adherence_logs VALUES ('f941f137-eb25-4090-b1bb-f9707df73b1e', 'f8db2f9c-015d-40f4-b231-cc0d61e22ad1', '08:00:00', '2026-03-08 08:05:00', 'taken', '784c03c7-9bd6-4740-a559-9482556c5c36');
INSERT INTO public.medication_adherence_logs VALUES ('129bda08-3a94-491c-a42f-6afbb632ad82', 'f8db2f9c-015d-40f4-b231-cc0d61e22ad1', '08:00:00', '2026-03-09 08:00:00', 'taken', '784c03c7-9bd6-4740-a559-9482556c5c36');
INSERT INTO public.medication_adherence_logs VALUES ('c8276f70-3d53-465b-bd41-f91b5aa16b07', 'f8db2f9c-015d-40f4-b231-cc0d61e22ad1', '08:00:00', NULL, 'missed', '784c03c7-9bd6-4740-a559-9482556c5c36');
INSERT INTO public.medication_adherence_logs VALUES ('f2ae2d9b-1c04-4d46-8b52-e86a7e412083', 'f8db2f9c-015d-40f4-b231-cc0d61e22ad1', '08:00:00', '2026-03-14 08:05:00', 'taken', '784c03c7-9bd6-4740-a559-9482556c5c36');
INSERT INTO public.medication_adherence_logs VALUES ('0c4a994d-99dc-48ce-abe1-7e66e0368192', 'a7202ba3-f00b-4ad4-b9b6-d637c7aa08be', '08:00:00', '2026-03-10 08:05:00', 'taken', '784c03c7-9bd6-4740-a559-9482556c5c36');
INSERT INTO public.medication_adherence_logs VALUES ('0e2ae49a-be03-4511-839c-122737f62c97', 'a7202ba3-f00b-4ad4-b9b6-d637c7aa08be', '08:00:00', NULL, 'missed', '784c03c7-9bd6-4740-a559-9482556c5c36');
INSERT INTO public.medication_adherence_logs VALUES ('12dc4011-f44c-4de5-8ab6-d9edfdd1f5ee', 'a7202ba3-f00b-4ad4-b9b6-d637c7aa08be', '08:00:00', '2026-03-12 08:10:00', 'taken', '784c03c7-9bd6-4740-a559-9482556c5c36');
INSERT INTO public.medication_adherence_logs VALUES ('c0b46da2-f33c-4549-8d94-82e0514d605f', 'a7202ba3-f00b-4ad4-b9b6-d637c7aa08be', '08:00:00', '2026-03-13 08:00:00', 'taken', '784c03c7-9bd6-4740-a559-9482556c5c36');
INSERT INTO public.medication_adherence_logs VALUES ('70a9a638-cbbd-4ead-adbc-5c3968ee98b8', 'a7202ba3-f00b-4ad4-b9b6-d637c7aa08be', '08:00:00', '2026-03-14 08:05:00', 'taken', '784c03c7-9bd6-4740-a559-9482556c5c36');
INSERT INTO public.medication_adherence_logs VALUES ('5f387eb7-5427-4aa5-bac5-515d4e50e8b3', '87c2a5a6-f254-4a22-a135-c373296f1f7e', '08:00:00', '2026-01-05 08:05:00', 'taken', '784c03c7-9bd6-4740-a559-9482556c5c36');
INSERT INTO public.medication_adherence_logs VALUES ('974e41e4-e764-4e77-913b-fb230345a91a', '87c2a5a6-f254-4a22-a135-c373296f1f7e', '20:00:00', '2026-01-10 20:00:00', 'taken', '784c03c7-9bd6-4740-a559-9482556c5c36');
INSERT INTO public.medication_adherence_logs VALUES ('ff14bd10-0e49-4bc7-92c6-85e254aeb53c', '87c2a5a6-f254-4a22-a135-c373296f1f7e', '08:00:00', NULL, 'missed', '784c03c7-9bd6-4740-a559-9482556c5c36');
INSERT INTO public.medication_adherence_logs VALUES ('48d0c18d-35e2-4f8c-9dc4-11e5f8f891ea', '87c2a5a6-f254-4a22-a135-c373296f1f7e', '20:00:00', '2026-01-22 20:10:00', 'taken', '784c03c7-9bd6-4740-a559-9482556c5c36');
INSERT INTO public.medication_adherence_logs VALUES ('98426182-5d6d-4e2e-a5ba-65f277ecabb9', '87c2a5a6-f254-4a22-a135-c373296f1f7e', '08:00:00', '2026-01-31 08:05:00', 'taken', '784c03c7-9bd6-4740-a559-9482556c5c36');
INSERT INTO public.medication_adherence_logs VALUES ('d988e127-0447-4e1f-ae1c-5775da2864e5', '58b78971-fc86-48f5-a413-e09b8fb5b694', '09:00:00', '2026-03-10 09:05:00', 'taken', '784c03c7-9bd6-4740-a559-9482556c5c36');
INSERT INTO public.medication_adherence_logs VALUES ('84ab1dde-c313-4ad8-a024-60dfcd29a85d', '58b78971-fc86-48f5-a413-e09b8fb5b694', '09:00:00', '2026-03-11 09:00:00', 'taken', '784c03c7-9bd6-4740-a559-9482556c5c36');
INSERT INTO public.medication_adherence_logs VALUES ('16d749e0-7a0f-4232-9a9e-4aface84331a', '58b78971-fc86-48f5-a413-e09b8fb5b694', '09:00:00', NULL, 'missed', '784c03c7-9bd6-4740-a559-9482556c5c36');
INSERT INTO public.medication_adherence_logs VALUES ('9788f9fb-7740-4edd-bfac-6c21bcc176fa', '58b78971-fc86-48f5-a413-e09b8fb5b694', '09:00:00', '2026-03-13 09:10:00', 'taken', '784c03c7-9bd6-4740-a559-9482556c5c36');
INSERT INTO public.medication_adherence_logs VALUES ('f93313c0-e7d9-4523-a80e-1878a71f9f7f', '58b78971-fc86-48f5-a413-e09b8fb5b694', '09:00:00', '2026-03-14 09:00:00', 'taken', '784c03c7-9bd6-4740-a559-9482556c5c36');

INSERT INTO public.medication_schedules VALUES ('82fa72d4-0ada-40fc-a376-361473128c22', 'dba87b2b-0d73-4011-8849-8dbaa1cfd91d', '{08:00:00,14:00:00,20:00:00}', '{monday,wednesday,friday}', 1, 'days');
INSERT INTO public.medication_schedules VALUES ('b8f88c45-91a0-4574-8391-53b005de2e77', '501abeec-8819-429e-bd49-f3d937b785b2', '{09:00:00}', '{monday,tuesday,wednesday,thursday,friday,saturday,sunday}', 1, 'days');
INSERT INTO public.medication_schedules VALUES ('116e9155-fd5a-4046-a209-0ae1aa90ac28', '87e0d8be-e40d-4369-b428-0f8e0f9e0022', '{08:00:00}', '{monday,tuesday,wednesday,thursday,friday,saturday,sunday}', 1, 'days');
INSERT INTO public.medication_schedules VALUES ('408db518-1402-4ed2-b98e-252aa59aedea', 'baecb9fd-22df-469d-963e-d309b2de5aa7', '{08:00:00,20:00:00}', '{monday,wednesday,friday}', 1, 'days');
INSERT INTO public.medication_schedules VALUES ('05b7a9b4-a41c-4e5a-aeb5-05dea403d662', 'e6e40cdb-7902-4f7b-b860-c2ed539f211c', '{07:00:00}', '{monday,tuesday,wednesday,thursday,friday,saturday,sunday}', 1, 'days');
INSERT INTO public.medication_schedules VALUES ('e8c74932-0701-4692-b80c-bfecd4c80523', '1b4c1b8d-d4c5-40fc-bf6a-d5ca4170a437', '{07:30:00}', '{monday,tuesday,wednesday,thursday,friday,saturday,sunday}', 1, 'days');
INSERT INTO public.medication_schedules VALUES ('38eaab1a-5bd1-47b1-a0e5-b0ecdc81e033', 'da4f2083-ad69-4b9a-9f31-16671d60483c', '{08:00:00,18:00:00}', '{monday,tuesday,wednesday,thursday,friday,saturday,sunday}', 1, 'days');
INSERT INTO public.medication_schedules VALUES ('cd5accb7-ee41-4d38-9492-b8136552943d', 'bfb0ea38-4251-4aa0-b078-cbbc241d5851', '{09:00:00}', '{monday,tuesday,wednesday,thursday,friday}', 1, 'days');
INSERT INTO public.medication_schedules VALUES ('e18a7c6c-4e4f-402d-862c-44654c708119', 'f8db2f9c-015d-40f4-b231-cc0d61e22ad1', '{08:00:00,20:00:00}', '{monday,tuesday,wednesday,thursday,friday,saturday,sunday}', 1, 'days');
INSERT INTO public.medication_schedules VALUES ('3a9938c9-a64c-48de-8dd1-b3065db50563', 'a7202ba3-f00b-4ad4-b9b6-d637c7aa08be', '{08:00:00,14:00:00,20:00:00}', '{monday,tuesday,wednesday,thursday,friday,saturday,sunday}', 1, 'days');
INSERT INTO public.medication_schedules VALUES ('37b35414-fbb9-4330-bb09-f58d524e61d8', '87c2a5a6-f254-4a22-a135-c373296f1f7e', '{08:00:00,20:00:00}', '{monday,wednesday,friday}', 1, 'days');
INSERT INTO public.medication_schedules VALUES ('7d63bd76-4608-439e-98b4-71c421c75508', '58b78971-fc86-48f5-a413-e09b8fb5b694', '{09:00:00}', '{monday,tuesday,wednesday,thursday,friday,saturday,sunday}', 1, 'days');

INSERT INTO public.medications VALUES ('43c3ddc3-00ee-4e00-8818-2be251f161f7', 'Advil', 'Ibuprofen', '200 mg', 'tablet', 'Take 1 tablet every 6-8 hours with food as needed for pain or fever.', '784c03c7-9bd6-4740-a559-9482556c5c36', '2026-03-17 00:09:08.493099');
INSERT INTO public.medications VALUES ('7ce52757-c5d3-47e1-b263-2c8a39a77fe0', 'Tylenol', 'Acetaminophen', '500 mg', 'tablet', 'Take 1 tablet every 4-6 hours as needed for pain or fever.', '784c03c7-9bd6-4740-a559-9482556c5c36', '2026-03-17 00:09:08.493099');
INSERT INTO public.medications VALUES ('4cc75ad8-6561-40a6-8a30-46fbb20b83b0', 'Lipitor', 'Atorvastatin', '20 mg', 'tablet', 'Take once daily to help lower cholesterol and reduce cardiovascular risk.', '784c03c7-9bd6-4740-a559-9482556c5c36', '2026-03-17 00:09:08.493099');
INSERT INTO public.medications VALUES ('870b6927-663b-4bcd-9f23-caddf533f6a9', 'Zoloft', 'Sertraline', '50 mg', 'tablet', 'Take once daily at the same time each day for treatment of depression or anxiety.', '784c03c7-9bd6-4740-a559-9482556c5c36', '2026-03-17 00:09:08.493099');
INSERT INTO public.medications VALUES ('6db94ed4-0677-45fc-81e4-84ad124b4330', 'Amoxil', 'Amoxicillin', '500 mg', 'capsule', 'Take every 8-12 hours as prescribed and finish the entire course of antibiotics.', '784c03c7-9bd6-4740-a559-9482556c5c36', '2026-03-17 00:09:08.493099');
INSERT INTO public.medications VALUES ('4cac571d-f55f-4352-a195-c6cb2bd035cc', 'Glucophage', 'Metformin', '500 mg', 'tablet', 'Take with meals to help control blood sugar in patients with type 2 diabetes.', '784c03c7-9bd6-4740-a559-9482556c5c36', '2026-03-17 00:09:08.493099');
INSERT INTO public.medications VALUES ('9f0df488-d0b9-4edb-bb77-3e1e6793dffe', 'Synthroid', 'Levothyroxine', '75 mg', 'tablet', 'Take once daily on an empty stomach 30-60 minutes before breakfast for thyroid hormone replacement.', '784c03c7-9bd6-4740-a559-9482556c5c36', '2026-03-17 00:09:08.493099');
INSERT INTO public.medications VALUES ('4e9f564a-68cc-4896-a550-89d673aecdd0', 'Prilosec', 'Omeprazole', '20 mg', 'capsule', 'Take once daily before a meal to reduce stomach acid and treat reflux.', '784c03c7-9bd6-4740-a559-9482556c5c36', '2026-03-17 00:09:08.493099');
INSERT INTO public.medications VALUES ('132a335f-277c-4bef-9371-4d607a3e0e71', 'Norvasc', 'Amlodipine', '5 mg', 'tablet', 'Take once daily to help control high blood pressure.', '784c03c7-9bd6-4740-a559-9482556c5c36', '2026-03-17 00:09:08.493099');
INSERT INTO public.medications VALUES ('838ae497-7c18-468e-89fb-d82821a004c5', 'Ventolin', 'Albuterol', '90 mg', 'inhaler', 'Inhale 1-2 puffs every 4-6 hours as needed for relief of bronchospasm or shortness of breath.', '784c03c7-9bd6-4740-a559-9482556c5c36', '2026-03-17 00:09:08.493099');

INSERT INTO public.users VALUES ('784c03c7-9bd6-4740-a559-9482556c5c36', 'Avery', 'avery@example.com', '$2b$12$c6WitxDVjHsTo277Lc3fGuObRJx58xsEiUmGnKqpw.SwetDmB.wj6', 'caregiver', '2026-03-17 00:09:08.477501', '2026-03-17 00:09:08.477501');
INSERT INTO public.users VALUES ('780c84a3-f251-4a2d-818e-5a253019fbc0', 'Malcolm', 'malcolm@example.com', '$2b$12$c6WitxDVjHsTo277Lc3fGuObRJx58xsEiUmGnKqpw.SwetDmB.wj6', 'family_member', '2026-03-17 00:09:08.477501', '2026-03-17 00:09:08.477501');
INSERT INTO public.users VALUES ('96d5a218-e0b7-4b9e-9350-7d2c3a2843dc', 'Jade', 'jade@example.com', '$2b$12$c6WitxDVjHsTo277Lc3fGuObRJx58xsEiUmGnKqpw.SwetDmB.wj6', 'family_member', '2026-03-17 00:09:08.477501', '2026-03-17 00:09:08.477501');
INSERT INTO public.users VALUES ('f0efd965-a916-4b97-8b7b-3dc8a69ddbe7', 'Rowan', 'rowan@example.com', '$2b$12$c6WitxDVjHsTo277Lc3fGuObRJx58xsEiUmGnKqpw.SwetDmB.wj6', 'family_member', '2026-03-17 00:09:08.477501', '2026-03-17 00:09:08.477501');
INSERT INTO public.users VALUES ('dd597aa8-d8e4-4a19-b251-b5bfeb3c2e04', 'Victor', 'victor@example.com', '$2b$12$c6WitxDVjHsTo277Lc3fGuObRJx58xsEiUmGnKqpw.SwetDmB.wj6', 'family_member', '2026-03-17 00:09:08.477501', '2026-03-17 00:09:08.477501');

SET session_replication_role = DEFAULT;